OWNER_NAME,DOCUMENT_NUMBER,DOCUMENT_DATE,DOCUMENT_TIME,DOCUMENT_TIME,STATEMENT_DATE,BUILDING_ADDRESS,USER_ID,STATEMENT_YEAR,STATEMENT_NEXT_YEAR,ACC_NUM,ACC_NAME,ACC_SUM_NAME,FORECAST,FORECAST_S,BUDGET,BUDGET_S,BUDGET_N,BUDGET_SN,VARIANCE,VARIANCE_S,VARIANCE_N,VARIANCE_SN,VARIANCE_P,VARIANCE_SP,VARIANCE_NP,VARIANCE_SPN
EmTwo Properties Inc.,5509017,09/25/18,09:24:41,12/31/18,09/25/18,50301 3165 Unity Drive,ABALASINGA,2018,2019,41110,Base rent,Rent,185772.09,185772.09,185772.09,185772.09,185772.09,185772.09,185772.09,185772.09,185772.09,185772.09,0.55,0.55,0.55,0.55
,,,,,,144-146 BLOOR ST. W. & 159 CUMBERLAND ST.,,,,41140,Free rent,Operating Recoveries,185772.09,185772.09,185772.09,185772.09,185772.09,185772.09,185772.09,185772.09,185772.09,185772.09,-100,-100,-100,-100
,,,,,,,,,,44110,"
Operating expenses - Accrual",Administration Recoveries,-2769.7,-2769.7,-2769.7,-2769.7,-2769.7,-2769.7,-2769.7,-2769.7,-2769.7,-2769.7,5.33,5.33,5.33,5.33
,,,,,,,,,,44120,Operating expenses - Instalmen,Property Tax Recoveries,108147.87,108147.87,108147.87,108147.87,108147.87,108147.87,108147.87,108147.87,108147.87,108147.87,999.99,999.99,999.99,999.99
,,,,,,,,,,44140,Operating expenses - Prior yea,Additional Rent,49.26,49.26,49.26,49.26,49.26,49.26,49.26,49.26,49.26,49.26,10.98,10.98,10.98,10.98
,,,,,,,,,,44530,Management fee - Instalment,Other Revenues,105427.43,105427.43,105427.43,105427.43,105427.43,105427.43,105427.43,105427.43,105427.43,105427.43,999.99,999.99,999.99,999.99
,,,,,,,,,,44620,"
Property taxes - Instalments",Other Rental Revenues,10377.26,10377.26,10377.26,10377.26,10377.26,10377.26,10377.26,10377.26,10377.26,10377.26,8.19,8.19,8.19,8.19
,,,,,,,,,,44640,Property taxes - Prior year,Property Revenues,10377.26,10377.26,10377.26,10377.26,10377.26,10377.26,10377.26,10377.26,10377.26,10377.26,4.02,4.02,4.02,4.02
,,,,,,,,,,45120,"
Licence and rooftop",Janitorial - Operating,50030.04,50030.04,50030.04,50030.04,50030.04,50030.04,50030.04,50030.04,50030.04,50030.04,4.02,4.02,4.02,4.02
,,,,,,,,,,45170,Other,Security,-102.72,-102.72,-102.72,-102.72,-102.72,-102.72,-102.72,-102.72,-102.72,-102.72,3.71,3.71,3.71,3.71
,,,,,,,,,,51105,"
Janitorial",Parking lot / garage,49927.32,49927.32,49927.32,49927.32,49927.32,49927.32,49927.32,49927.32,49927.32,49927.32,999.99,999.99,999.99,999.99
,,,,,,,,,,51110,Pest control,Insurance,165732.01,165732.01,165732.01,165732.01,165732.01,165732.01,165732.01,165732.01,165732.01,165732.01,3.49,3.49,3.49,3.49
,,,,,,,,,,51115,Uniforms,Repairs & Maintenance,1200,1200,1200,1200,1200,1200,1200,1200,1200,1200,6.46,6.46,6.46,6.46
,,,,,,,,,,51120,Waste removal,Mechanical & Electrical,1200,1200,1200,1200,1200,1200,1200,1200,1200,1200,999.99,999.99,999.99,999.99
,,,,,,,,,,51125,Window cleaning,Exterior,812.28,812.28,812.28,812.28,812.28,812.28,812.28,812.28,812.28,812.28,67.69,67.69,67.69,67.69
,,,,,,,,,,51199,Janitorial - Budget Adj.,Utilities,2012.28,2012.28,2012.28,2012.28,2012.28,2012.28,2012.28,2012.28,2012.28,2012.28,6.09,6.09,6.09,6.09
,,,,,,,,,,51305,"
Fire prevention",Compensation & Benefits,353516.38,353516.38,353516.38,353516.38,353516.38,353516.38,353516.38,353516.38,353516.38,353516.38,-9.07,-9.07,-9.07,-9.07
,,,,,,,,,,51310,Security - Contract,,292.2,292.2,292.2,292.2,292.2,292.2,292.2,292.2,292.2,292.2,-53.66,-53.66,-53.66,-53.66
,,,,,,,,,,51315,Security - Equipment,,33.41,33.41,33.41,33.41,33.41,33.41,33.41,33.41,33.41,33.41,-45.79,-45.79,-45.79,-45.79
,,,,,,,,,,51405,Parking lot / garage operating,,281.4,281.4,281.4,281.4,281.4,281.4,281.4,281.4,281.4,281.4,-22.67,-22.67,-22.67,-22.67
,,,,,,,,,,51415,Snow Removal,,270,270,270,270,270,270,270,270,270,270,-44.65,-44.65,-44.65,-44.65
,,,,,,,,,,51505,Insurance premiums,,902,902,902,902,902,902,902,902,902,902,-38.47,-38.47,-38.47,-38.47
,,,,,,,,,,51610,"
Landscaping",,1779.01,1779.01,1779.01,1779.01,1779.01,1779.01,1779.01,1779.01,1779.01,1779.01,-29.29,-29.29,-29.29,-29.29
,,,,,,,,,,51615,Miscellaneous R&M,,1846.2,1846.2,1846.2,1846.2,1846.2,1846.2,1846.2,1846.2,1846.2,1846.2,-50,-50,-50,-50
,,,,,,,,,,51620,Capital Imp - Repairs Sup Fee,,55.62,55.62,55.62,55.62,55.62,55.62,55.62,55.62,55.62,55.62,-100,-100,-100,-100
,,,,,,,,,,51705,"
Mechanical / HVAC - contract",,1901.82,1901.82,1901.82,1901.82,1901.82,1901.82,1901.82,1901.82,1901.82,1901.82,-34.03,-34.03,-34.03,-34.03
,,,,,,,,,,51710,Mechanical / HVAC - repairs &,,7204.59,7204.59,7204.59,7204.59,7204.59,7204.59,7204.59,7204.59,7204.59,7204.59,163.26,163.26,163.26,163.26
,,,,,,,,,,51730,Electrical,,9014.7,9014.7,9014.7,9014.7,9014.7,9014.7,9014.7,9014.7,9014.7,9014.7,0.6,0.6,0.6,0.6
,,,,,,,,,,51735,Plumbing,,16219.29,16219.29,16219.29,16219.29,16219.29,16219.29,16219.29,16219.29,16219.29,16219.29,38.65,38.65,38.65,38.65
,,,,,,,,,,51799,Mech & Elect - Budget Adj.,,3557.76,3557.76,3557.76,3557.76,3557.76,3557.76,3557.76,3557.76,3557.76,3557.76,-3.4,-3.4,-3.4,-3.4
,,,,,,,,,,51805,Roofing,,3557.76,3557.76,3557.76,3557.76,3557.76,3557.76,3557.76,3557.76,3557.76,3557.76,-3.4,-3.4,-3.4,-3.4
,,,,,,,,,,52005,"
Utilities - Gas",,6058.74,6058.74,6058.74,6058.74,6058.74,6058.74,6058.74,6058.74,6058.74,6058.74,-1.65,-1.65,-1.65,-1.65
,,,,,,,,,,52010,Utilities - Electricity,,3052.57,3052.57,3052.57,3052.57,3052.57,3052.57,3052.57,3052.57,3052.57,3052.57,-15.42,-15.42,-15.42,-15.42
,,,,,,,,,,52020,Utilities - Water and sewage,,220.71,220.71,220.71,220.71,220.71,220.71,220.71,220.71,220.71,220.71,999.99,999.99,999.99,999.99
,,,,,,,,,,52105,"
Property management - wages an",,9332.02,9332.02,9332.02,9332.02,9332.02,9332.02,9332.02,9332.02,9332.02,9332.02,-4.48,-4.48,-4.48,-4.48
,,,,,,,,,,52110,Building operations - wages an,,1386.7,1386.7,1386.7,1386.7,1386.7,1386.7,1386.7,1386.7,1386.7,1386.7,-3.28,-3.28,-3.28,-3.28
,,,,,,,,,,52210,"
Regional Overhead",,476.82,476.82,476.82,476.82,476.82,476.82,476.82,476.82,476.82,476.82,-100,-100,-100,-100
,,,,,,,,,,52220,"Environmental, risk & insuranc",,1511.83,1511.83,1511.83,1511.83,1511.83,1511.83,1511.83,1511.83,1511.83,1511.83,2.87,2.87,2.87,2.87
,,,,,,,,,,52251,Property Mgmt Sub-Region,,3973,3973,3973,3973,3973,3973,3973,3973,3973,3973,1003.61,1003.61,1003.61,1003.61
,,,,,,,,,,52252,Property Accounting,,7348.35,7348.35,7348.35,7348.35,7348.35,7348.35,7348.35,7348.35,7348.35,7348.35,-2.7,-2.7,-2.7,-2.7
,,,,,,,,,,52253,National AP and Banking,,2028,2028,2028,2028,2028,2028,2028,2028,2028,2028,-14.58,-14.58,-14.58,-14.58
,,,,,,,,,,52253,National Lease & Prop Admin,,2028,2028,2028,2028,2028,2028,2028,2028,2028,2028,-14.58,-14.58,-14.58,-14.58
,,,,,,,,,,52254,EI Admin,,163.23,163.23,163.23,163.23,163.23,163.23,163.23,163.23,163.23,163.23,13.35,13.35,13.35,13.35
,,,,,,,,,,52254,EI Tenant Services,,4417.54,4417.54,4417.54,4417.54,4417.54,4417.54,4417.54,4417.54,4417.54,4417.54,-8.2,-8.2,-8.2,-8.2
,,,,,,,,,,52254,EI Digital Innovation,,5270.34,5270.34,5270.34,5270.34,5270.34,5270.34,5270.34,5270.34,5270.34,5270.34,-2.4,-2.4,-2.4,-2.4
,,,,,,,,,,52254,EI Sustain & EHS,,9851.11,9851.11,9851.11,9851.11,9851.11,9851.11,9851.11,9851.11,9851.11,9851.11,-4.88,-4.88,-4.88,-4.88
,,,,,,,,,,52255,Risk and Insurance,,10588.98,10588.98,10588.98,10588.98,10588.98,10588.98,10588.98,10588.98,10588.98,10588.98,-100,-100,-100,-100
,,,,,,,,,,52256,Tenant Services,,1689.09,1689.09,1689.09,1689.09,1689.09,1689.09,1689.09,1689.09,1689.09,1689.09,-100,-100,-100,-100
,,,,,,,,,,52257,Tenant Call Centre,,230.42,230.42,230.42,230.42,230.42,230.42,230.42,230.42,230.42,230.42,-100,-100,-100,-100
,,,,,,,,,,52258,Direct Building Operations,,377.01,377.01,377.01,377.01,377.01,377.01,377.01,377.01,377.01,377.01,-100,-100,-100,-100
,,,,,,,,,,52305,"
Office expenses",,98.72,98.72,98.72,98.72,98.72,98.72,98.72,98.72,98.72,98.72,-100,-100,-100,-100
,,,,,,,,,,52310,Office rent,,135.88,135.88,135.88,135.88,135.88,135.88,135.88,135.88,135.88,135.88,999.99,999.99,999.99,999.99
,,,,,,,,,,52320,Communication,,296.56,296.56,296.56,296.56,296.56,296.56,296.56,296.56,296.56,296.56,999.99,999.99,999.99,999.99
,,,,,,,,,,52325,Equiptment / computer,,430.15,430.15,430.15,430.15,430.15,430.15,430.15,430.15,430.15,430.15,999.99,999.99,999.99,999.99
,,,,,,,,,,52330,Meals and entertainment,,94.44,94.44,94.44,94.44,94.44,94.44,94.44,94.44,94.44,94.44,999.99,999.99,999.99,999.99
,,,,,,,,,,52335,Travel,,604.69,604.69,604.69,604.69,604.69,604.69,604.69,604.69,604.69,604.69,999.99,999.99,999.99,999.99
,,,,,,,,,,52345,Taxes - property tax appeal fe,,532.49,532.49,532.49,532.49,532.49,532.49,532.49,532.49,532.49,532.49,999.99,999.99,999.99,999.99
,,,,,,,,,,52360,Education & training,,2947.38,2947.38,2947.38,2947.38,2947.38,2947.38,2947.38,2947.38,2947.38,2947.38,999.99,999.99,999.99,999.99
,,,,,,,,,,52365,Call Centre,,18025.81,18025.81,18025.81,18025.81,18025.81,18025.81,18025.81,18025.81,18025.81,18025.81,999.99,999.99,999.99,999.99
,,,,,,,,,,52370,Consulting Fees,,653.95,653.95,653.95,653.95,653.95,653.95,653.95,653.95,653.95,653.95,999.99,999.99,999.99,999.99
,,,,,,,,,,52405,Taxes - Property taxes,,1966.42,1966.42,1966.42,1966.42,1966.42,1966.42,1966.42,1966.42,1966.42,1966.42,999.99,999.99,999.99,999.99
,,,,,,,,,,"
52505","
Tenant Mgmt Fees",,6.38,6.38,6.38,6.38,6.38,6.38,6.38,6.38,6.38,6.38,999.99,999.99,999.99,999.99
,,,,,,,,,,52505,Tenant Mgmt Fees,,234.64,234.64,234.64,234.64,234.64,234.64,234.64,234.64,234.64,234.64,999.99,999.99,999.99,999.99
,,,,,,,,,,52510,Tenant Mgmt Fees Contra,,1030,1030,1030,1030,1030,1030,1030,1030,1030,1030,1429.79,1429.79,1429.79,1429.79
,,,,,,,,,,"
53105","
Management fees - Instalment",,112.24,112.24,112.24,112.24,112.24,112.24,112.24,112.24,112.24,112.24,164.54,164.54,164.54,164.54
,,,,,,,,,,53110,Management fees - Accrual,,1462.18,1462.18,1462.18,1462.18,1462.18,1462.18,1462.18,1462.18,1462.18,1462.18,80.79,80.79,80.79,80.79
,,,,,,,,,,"
53305","
Lease documentation fees",,5465.81,5465.81,5465.81,5465.81,5465.81,5465.81,5465.81,5465.81,5465.81,5465.81,-100,-100,-100,-100
,,,,,,,,,,53310,Leasing expenses,,50030.04,50030.04,50030.04,50030.04,50030.04,50030.04,50030.04,50030.04,50030.04,50030.04,-100,-100,-100,-100
,,,,,,,,,,53325,Appraisal fees,,50030.04,50030.04,50030.04,50030.04,50030.04,50030.04,50030.04,50030.04,50030.04,50030.04,-69.03,-69.03,-69.03,-69.03
,,,,,,,,,,53340,Legal Fees,,10377.26,10377.26,10377.26,10377.26,10377.26,10377.26,10377.26,10377.26,10377.26,10377.26,-60.45,-60.45,-60.45,-60.45
,,,,,,,,,,"
53420","
Marketing/ Events",,-10377.26,-10377.26,-10377.26,-10377.26,-10377.26,-10377.26,-10377.26,-10377.26,-10377.26,-10377.26,-35.14,-35.14,-35.14,-35.14
,,,,,,,,,,53437,Late Fees,,125539.02,125539.02,125539.02,125539.02,125539.02,125539.02,125539.02,125539.02,125539.02,125539.02,-100,-100,-100,-100
,,,,,,,,,,53450,Non-Recoverable Other,,10629.59,10629.59,10629.59,10629.59,10629.59,10629.59,10629.59,10629.59,10629.59,10629.59,14.85,14.85,14.85,14.85
,,,,,,,,,,"
53515",Meals and entertainment,,-8.04,-8.04,-8.04,-8.04,-8.04,-8.04,-8.04,-8.04,-8.04,-8.04,11.95,11.95,11.95,11.95
,,,,,,,,,,"
61120",Fees - Asset management fees,,10621.55,10621.55,10621.55,10621.55,10621.55,10621.55,10621.55,10621.55,10621.55,10621.55,0.43,0.43,0.43,0.43
,,,,,,,,,,,,,3000,3000,3000,3000,3000,3000,3000,3000,3000,3000,-100,-100,-100,-100
,,,,,,,,,,,,,793.93,793.93,793.93,793.93,793.93,793.93,793.93,793.93,793.93,793.93,999.99,999.99,999.99,999.99
,,,,,,,,,,,,,491,491,491,491,491,491,491,491,491,491,1.53,1.53,1.53,1.53
,,,,,,,,,,,,,7635.18,7635.18,7635.18,7635.18,7635.18,7635.18,7635.18,7635.18,7635.18,7635.18,6.77,6.77,6.77,6.77
,,,,,,,,,,,,,11920.11,11920.11,11920.11,11920.11,11920.11,11920.11,11920.11,11920.11,11920.11,11920.11,999.99,999.99,999.99,999.99
,,,,,,,,,,,,,2000.87,2000.87,2000.87,2000.87,2000.87,2000.87,2000.87,2000.87,2000.87,2000.87,6.69,6.69,6.69,6.69
,,,,,,,,,,,,,0.01,0.01,0.01,0.01,0.01,0.01,0.01,0.01,0.01,0.01,140,140,140,140
,,,,,,,,,,,,,1819.1,1819.1,1819.1,1819.1,1819.1,1819.1,1819.1,1819.1,1819.1,1819.1,-37.97,-37.97,-37.97,-37.97
,,,,,,,,,,,,,3819.98,3819.98,3819.98,3819.98,3819.98,3819.98,3819.98,3819.98,3819.98,3819.98,663.52,663.52,663.52,663.52
,,,,,,,,,,,,,34.73,34.73,34.73,34.73,34.73,34.73,34.73,34.73,34.73,34.73,196.45,196.45,196.45,196.45
,,,,,,,,,,,,,34.73,34.73,34.73,34.73,34.73,34.73,34.73,34.73,34.73,34.73,-16.63,-16.63,-16.63,-16.63
,,,,,,,,,,,,,26396.37,26396.37,26396.37,26396.37,26396.37,26396.37,26396.37,26396.37,26396.37,26396.37,999.99,999.99,999.99,999.99
,,,,,,,,,,,,,151935.39,151935.39,151935.39,151935.39,151935.39,151935.39,151935.39,151935.39,151935.39,151935.39,-79.53,-79.53,-79.53,-79.53
,,,,,,,,,,,,,201580.99,201580.99,201580.99,201580.99,201580.99,201580.99,201580.99,201580.99,201580.99,201580.99,-66.15,-66.15,-66.15,-66.15
,,,,,,,,,,,,,201580.99,201580.99,201580.99,201580.99,201580.99,201580.99,201580.99,201580.99,201580.99,201580.99,999.99,999.99,999.99,999.99
,,,,,,,,,,,,,7599,7599,7599,7599,7599,7599,7599,7599,7599,7599,999.99,999.99,999.99,999.99
,,,,,,,,,,,,,7599,7599,7599,7599,7599,7599,7599,7599,7599,7599,4.49,4.49,4.49,4.49
,,,,,,,,,,,,,7599,7599,7599,7599,7599,7599,7599,7599,7599,7599,2.03,2.03,2.03,2.03
,,,,,,,,,,,,,7599,7599,7599,7599,7599,7599,7599,7599,7599,7599,9.36,9.36,9.36,9.36
,,,,,,,,,,,,,7599,7599,7599,7599,7599,7599,7599,7599,7599,7599,9.36,9.36,9.36,9.36
,,,,,,,,,,,,,193981.99,193981.99,193981.99,193981.99,193981.99,193981.99,193981.99,193981.99,193981.99,193981.99,7.92,7.92,7.92,7.92
,,,,,,,,,,,,,184749.91,184749.91,184749.91,184749.91,184749.91,184749.91,184749.91,184749.91,184749.91,184749.91,7.92,7.92,7.92,7.92
,,,,,,,,,,,,,-8381.94,-8381.94,-8381.94,-8381.94,-8381.94,-8381.94,-8381.94,-8381.94,-8381.94,-8381.94,7.92,7.92,7.92,7.92
,,,,,,,,,,,,,176367.97,176367.97,176367.97,176367.97,176367.97,176367.97,176367.97,176367.97,176367.97,176367.97,7.92,7.92,7.92,7.92
,,,,,,,,,,,,,97451.05,97451.05,97451.05,97451.05,97451.05,97451.05,97451.05,97451.05,97451.05,97451.05,7.92,7.92,7.92,7.92
,,,,,,,,,,,,,97451.05,97451.05,97451.05,97451.05,97451.05,97451.05,97451.05,97451.05,97451.05,97451.05,9.42,9.42,9.42,9.42
,,,,,,,,,,,,,9976.13,9976.13,9976.13,9976.13,9976.13,9976.13,9976.13,9976.13,9976.13,9976.13,2.5,2.5,2.5,2.5
,,,,,,,,,,,,,9976.13,9976.13,9976.13,9976.13,9976.13,9976.13,9976.13,9976.13,9976.13,9976.13,2.5,2.5,2.5,2.5
,,,,,,,,,,,,,48241.72,48241.72,48241.72,48241.72,48241.72,48241.72,48241.72,48241.72,48241.72,48241.72,-100,-100,-100,-100
,,,,,,,,,,,,,48241.72,48241.72,48241.72,48241.72,48241.72,48241.72,48241.72,48241.72,48241.72,48241.72,4.03,4.03,4.03,4.03
,,,,,,,,,,,,,155668.9,155668.9,155668.9,155668.9,155668.9,155668.9,155668.9,155668.9,155668.9,155668.9,-100,-100,-100,-100
,,,,,,,,,,,,,1200,1200,1200,1200,1200,1200,1200,1200,1200,1200,6.71,6.71,6.71,6.71
,,,,,,,,,,,,,1200,1200,1200,1200,1200,1200,1200,1200,1200,1200,3.27,3.27,3.27,3.27
,,,,,,,,,,,,,1200,1200,1200,1200,1200,1200,1200,1200,1200,1200,3.27,3.27,3.27,3.27
,,,,,,,,,,,,,333236.87,333236.87,333236.87,333236.87,333236.87,333236.87,333236.87,333236.87,333236.87,333236.87,6.11,6.11,6.11,6.11
,,,,,,,,,,,,,321.36,321.36,321.36,321.36,321.36,321.36,321.36,321.36,321.36,321.36,-100,-100,-100,-100
,,,,,,,,,,,,,72.1,72.1,72.1,72.1,72.1,72.1,72.1,72.1,72.1,72.1,6.33,6.33,6.33,6.33
,,,,,,,,,,,,,519.12,519.12,519.12,519.12,519.12,519.12,519.12,519.12,519.12,519.12,6.38,6.38,6.38,6.38
,,,,,,,,,,,,,349.17,349.17,349.17,349.17,349.17,349.17,349.17,349.17,349.17,349.17,-100,-100,-100,-100
,,,,,,,,,,,,,1629.65,1629.65,1629.65,1629.65,1629.65,1629.65,1629.65,1629.65,1629.65,1629.65,-40.37,-40.37,-40.37,-40.37
,,,,,,,,,,,,,2891.4,2891.4,2891.4,2891.4,2891.4,2891.4,2891.4,2891.4,2891.4,2891.4,4.08,4.08,4.08,4.08
,,,,,,,,,,,,,2611.05,2611.05,2611.05,2611.05,2611.05,2611.05,2611.05,2611.05,2611.05,2611.05,999.99,999.99,999.99,999.99
,,,,,,,,,,,,,111.24,111.24,111.24,111.24,111.24,111.24,111.24,111.24,111.24,111.24,103.48,103.48,103.48,103.48
,,,,,,,,,,,,,160.68,160.68,160.68,160.68,160.68,160.68,160.68,160.68,160.68,160.68,115.8,115.8,115.8,115.8
,,,,,,,,,,,,,2882.97,2882.97,2882.97,2882.97,2882.97,2882.97,2882.97,2882.97,2882.97,2882.97,-100,-100,-100,-100
,,,,,,,,,,,,,2736.71,2736.71,2736.71,2736.71,2736.71,2736.71,2736.71,2736.71,2736.71,2736.71,2.22,2.22,2.22,2.22
,,,,,,,,,,,,,8961,8961,8961,8961,8961,8961,8961,8961,8961,8961,67.34,67.34,67.34,67.34
,,,,,,,,,,,,,11697.71,11697.71,11697.71,11697.71,11697.71,11697.71,11697.71,11697.71,11697.71,11697.71,43.01,43.01,43.01,43.01
,,,,,,,,,,,,,3682.8,3682.8,3682.8,3682.8,3682.8,3682.8,3682.8,3682.8,3682.8,3682.8,-100,-100,-100,-100
,,,,,,,,,,,,,3682.8,3682.8,3682.8,3682.8,3682.8,3682.8,3682.8,3682.8,3682.8,3682.8,999.99,999.99,999.99,999.99
,,,,,,,,,,,,,6160.43,6160.43,6160.43,6160.43,6160.43,6160.43,6160.43,6160.43,6160.43,6160.43,48.29,48.29,48.29,48.29
,,,,,,,,,,,,,3609.12,3609.12,3609.12,3609.12,3609.12,3609.12,3609.12,3609.12,3609.12,3609.12,-55.54,-55.54,-55.54,-55.54
,,,,,,,,,,,,,9769.55,9769.55,9769.55,9769.55,9769.55,9769.55,9769.55,9769.55,9769.55,9769.55,4.39,4.39,4.39,4.39
,,,,,,,,,,,,,1433.76,1433.76,1433.76,1433.76,1433.76,1433.76,1433.76,1433.76,1433.76,1433.76,-22.23,-22.23,-22.23,-22.23
,,,,,,,,,,,,,1545,1545,1545,1545,1545,1545,1545,1545,1545,1545,13.87,13.87,13.87,13.87
,,,,,,,,,,,,,463.5,463.5,463.5,463.5,463.5,463.5,463.5,463.5,463.5,463.5,13.87,13.87,13.87,13.87
,,,,,,,,,,,,,136.99,136.99,136.99,136.99,136.99,136.99,136.99,136.99,136.99,136.99,5.64,5.64,5.64,5.64
,,,,,,,,,,,,,3973,3973,3973,3973,3973,3973,3973,3973,3973,3973,83.45,83.45,83.45,83.45
,,,,,,,,,,,,,7552.25,7552.25,7552.25,7552.25,7552.25,7552.25,7552.25,7552.25,7552.25,7552.25,-100,-100,-100,-100
,,,,,,,,,,,,,2374.15,2374.15,2374.15,2374.15,2374.15,2374.15,2374.15,2374.15,2374.15,2374.15,28.6,28.6,28.6,28.6
,,,,,,,,,,,,,2374.15,2374.15,2374.15,2374.15,2374.15,2374.15,2374.15,2374.15,2374.15,2374.15,-5.52,-5.52,-5.52,-5.52
,,,,,,,,,,,,,144,144,144,144,144,144,144,144,144,144,999.99,999.99,999.99,999.99
,,,,,,,,,,,,,4812,4812,4812,4812,4812,4812,4812,4812,4812,4812,891.78,891.78,891.78,891.78
,,,,,,,,,,,,,5400,5400,5400,5400,5400,5400,5400,5400,5400,5400,12.31,12.31,12.31,12.31
,,,,,,,,,,,,,10356,10356,10356,10356,10356,10356,10356,10356,10356,10356,80.38,80.38,80.38,80.38
,,,,,,,,,,,,,14034.78,14034.78,14034.78,14034.78,14034.78,14034.78,14034.78,14034.78,14034.78,14034.78,37.82,37.82,37.82,37.82
,,,,,,,,,,,,,2315.44,2315.44,2315.44,2315.44,2315.44,2315.44,2315.44,2315.44,2315.44,2315.44,37.82,37.82,37.82,37.82
,,,,,,,,,,,,,16350.22,16350.22,16350.22,16350.22,16350.22,16350.22,16350.22,16350.22,16350.22,16350.22,-100,-100,-100,-100
,,,,,,,,,,,,,1054.72,1054.72,1054.72,1054.72,1054.72,1054.72,1054.72,1054.72,1054.72,1054.72,8.93,8.93,8.93,8.93
,,,,,,,,,,,,,123.6,123.6,123.6,123.6,123.6,123.6,123.6,123.6,123.6,123.6,2.46,2.46,2.46,2.46
,,,,,,,,,,,,,1178.32,1178.32,1178.32,1178.32,1178.32,1178.32,1178.32,1178.32,1178.32,1178.32,3.66,3.66,3.66,3.66
,,,,,,,,,,,,,247.2,247.2,247.2,247.2,247.2,247.2,247.2,247.2,247.2,247.2,3,3,3,3
,,,,,,,,,,,,,1087.68,1087.68,1087.68,1087.68,1087.68,1087.68,1087.68,1087.68,1087.68,1087.68,3,3,3,3
,,,,,,,,,,,,,86.52,86.52,86.52,86.52,86.52,86.52,86.52,86.52,86.52,86.52,3,3,3,3
,,,,,,,,,,,,,173.04,173.04,173.04,173.04,173.04,173.04,173.04,173.04,173.04,173.04,3.01,3.01,3.01,3.01
,,,,,,,,,,,,,20.6,20.6,20.6,20.6,20.6,20.6,20.6,20.6,20.6,20.6,3,3,3,3
,,,,,,,,,,,,,593.28,593.28,593.28,593.28,593.28,593.28,593.28,593.28,593.28,593.28,3.01,3.01,3.01,3.01
,,,,,,,,,,,,,1030,1030,1030,1030,1030,1030,1030,1030,1030,1030,2.98,2.98,2.98,2.98
,,,,,,,,,,,,,173.04,173.04,173.04,173.04,173.04,173.04,173.04,173.04,173.04,173.04,3.01,3.01,3.01,3.01
,,,,,,,,,,,,,197.76,197.76,197.76,197.76,197.76,197.76,197.76,197.76,197.76,197.76,2.96,2.96,2.96,2.96
,,,,,,,,,,,,,1273.08,1273.08,1273.08,1273.08,1273.08,1273.08,1273.08,1273.08,1273.08,1273.08,3,3,3,3
,,,,,,,,,,,,,4882.2,4882.2,4882.2,4882.2,4882.2,4882.2,4882.2,4882.2,4882.2,4882.2,3.01,3.01,3.01,3.01
,,,,,,,,,,,,,50030.04,50030.04,50030.04,50030.04,50030.04,50030.04,50030.04,50030.04,50030.04,50030.04,3,3,3,3
,,,,,,,,,,,,,50030.04,50030.04,50030.04,50030.04,50030.04,50030.04,50030.04,50030.04,50030.04,50030.04,3,3,3,3
,,,,,,,,,,,,,10332.59,10332.59,10332.59,10332.59,10332.59,10332.59,10332.59,10332.59,10332.59,10332.59,-8.25,-8.25,-8.25,-8.25
,,,,,,,,,,,,,-10332.59,-10332.59,-10332.59,-10332.59,-10332.59,-10332.59,-10332.59,-10332.59,-10332.59,-10332.59,-91.46,-91.46,-91.46,-91.46
,,,,,,,,,,,,,123647.61,123647.61,123647.61,123647.61,123647.61,123647.61,123647.61,123647.61,123647.61,123647.61,-100,-100,-100,-100
,,,,,,,,,,,,,9955.44,9955.44,9955.44,9955.44,9955.44,9955.44,9955.44,9955.44,9955.44,9955.44,152.85,152.85,152.85,152.85
,,,,,,,,,,,,,9955.44,9955.44,9955.44,9955.44,9955.44,9955.44,9955.44,9955.44,9955.44,9955.44,-100,-100,-100,-100
,,,,,,,,,,,,,1250,1250,1250,1250,1250,1250,1250,1250,1250,1250,-14.51,-14.51,-14.51,-14.51
,,,,,,,,,,,,,1280,1280,1280,1280,1280,1280,1280,1280,1280,1280,-33.38,-33.38,-33.38,-33.38
,,,,,,,,,,,,,491,491,491,491,491,491,491,491,491,491,6.11,6.11,6.11,6.11
,,,,,,,,,,,,,1000,1000,1000,1000,1000,1000,1000,1000,1000,1000,6.11,6.11,6.11,6.11
,,,,,,,,,,,,,4021,4021,4021,4021,4021,4021,4021,4021,4021,4021,3.27,3.27,3.27,3.27
,,,,,,,,,,,,,2400,2400,2400,2400,2400,2400,2400,2400,2400,2400,3.27,3.27,3.27,3.27
,,,,,,,,,,,,,8886,8886,8886,8886,8886,8886,8886,8886,8886,8886,8.35,8.35,8.35,8.35
,,,,,,,,,,,,,11286,11286,11286,11286,11286,11286,11286,11286,11286,11286,3.79,3.79,3.79,3.79
,,,,,,,,,,,,,25262.44,25262.44,25262.44,25262.44,25262.44,25262.44,25262.44,25262.44,25262.44,25262.44,-100,-100,-100,-100
,,,,,,,,,,,,,148910.05,148910.05,148910.05,148910.05,148910.05,148910.05,148910.05,148910.05,148910.05,148910.05,3.87,3.87,3.87,3.87
,,,,,,,,,,,,,184326.82,184326.82,184326.82,184326.82,184326.82,184326.82,184326.82,184326.82,184326.82,184326.82,-100,-100,-100,-100
,,,,,,,,,,,,,184326.82,184326.82,184326.82,184326.82,184326.82,184326.82,184326.82,184326.82,184326.82,184326.82,97.85,97.85,97.85,97.85
,,,,,,,,,,,,,7041.28,7041.28,7041.28,7041.28,7041.28,7041.28,7041.28,7041.28,7041.28,7041.28,-86.9,-86.9,-86.9,-86.9
,,,,,,,,,,,,,7041.28,7041.28,7041.28,7041.28,7041.28,7041.28,7041.28,7041.28,7041.28,7041.28,-74.31,-74.31,-74.31,-74.31
,,,,,,,,,,,,,7041.28,7041.28,7041.28,7041.28,7041.28,7041.28,7041.28,7041.28,7041.28,7041.28,-0.04,-0.04,-0.04,-0.04
,,,,,,,,,,,,,7041.28,7041.28,7041.28,7041.28,7041.28,7041.28,7041.28,7041.28,7041.28,7041.28,-100,-100,-100,-100
,,,,,,,,,,,,,7041.28,7041.28,7041.28,7041.28,7041.28,7041.28,7041.28,7041.28,7041.28,7041.28,388.48,388.48,388.48,388.48
,,,,,,,,,,,,,177285.54,177285.54,177285.54,177285.54,177285.54,177285.54,177285.54,177285.54,177285.54,177285.54,184.98,184.98,184.98,184.98
,,,,,,,,,,,,,1022.18,1022.18,1022.18,1022.18,1022.18,1022.18,1022.18,1022.18,1022.18,1022.18,-100,-100,-100,-100
,,,,,,,,,,,,,8381.94,8381.94,8381.94,8381.94,8381.94,8381.94,8381.94,8381.94,8381.94,8381.94,-100,-100,-100,-100
,,,,,,,,,,,,,9404.12,9404.12,9404.12,9404.12,9404.12,9404.12,9404.12,9404.12,9404.12,9404.12,-5.36,-5.36,-5.36,-5.36
,,,,,,,,,,,,,"
(2,769.70)","
(2,769.70)","
(2,769.70)","
(2,769.70)","
(2,769.70)","
(2,769.70)","
(2,769.70)","
(2,769.70)","
(2,769.70)","
(2,769.70)",5.97,5.97,5.97,5.97
,,,,,,,,,,,,,10696.82,10696.82,10696.82,10696.82,10696.82,10696.82,10696.82,10696.82,10696.82,10696.82,2.65,2.65,2.65,2.65
,,,,,,,,,,,,,49.26,49.26,49.26,49.26,49.26,49.26,49.26,49.26,49.26,49.26,2.65,2.65,2.65,2.65
,,,,,,,,,,,,,7976.38,7976.38,7976.38,7976.38,7976.38,7976.38,7976.38,7976.38,7976.38,7976.38,4.02,4.02,4.02,4.02
,,,,,,,,,,,,,"
401.13","
401.13","
401.13","
401.13","
401.13","
401.13","
401.13","
401.13","
401.13","
401.13",4.02,4.02,4.02,4.02
,,,,,,,,,,,,,401.13,401.13,401.13,401.13,401.13,401.13,401.13,401.13,401.13,401.13,4.02,4.02,4.02,4.02
,,,,,,,,,,,,,"
1,788.32","
1,788.32","
1,788.32","
1,788.32","
1,788.32","
1,788.32","
1,788.32","
1,788.32","
1,788.32","
1,788.32",4.02,4.02,4.02,4.02
,,,,,,,,,,,,,-102.72,-102.72,-102.72,-102.72,-102.72,-102.72,-102.72,-102.72,-102.72,-102.72,4.02,4.02,4.02,4.02
,,,,,,,,,,,,,1685.6,1685.6,1685.6,1685.6,1685.6,1685.6,1685.6,1685.6,1685.6,1685.6,2.6,2.6,2.6,2.6
,,,,,,,,,,,,,10063.11,10063.11,10063.11,10063.11,10063.11,10063.11,10063.11,10063.11,10063.11,10063.11,,,,
,,,,,,,,,,,,,"
812.28","
812.28","
812.28","
812.28","
812.28","
812.28","
812.28","
812.28","
812.28","
812.28",,,,
,,,,,,,,,,,,,812.28,812.28,812.28,812.28,812.28,812.28,812.28,812.28,812.28,812.28,,,,
,,,,,,,,,,,,,20279.51,20279.51,20279.51,20279.51,20279.51,20279.51,20279.51,20279.51,20279.51,20279.51,,,,
,,,,,,,,,,,,,-29.16,-29.16,-29.16,-29.16,-29.16,-29.16,-29.16,-29.16,-29.16,-29.16,,,,
,,,,,,,,,,,,,-38.69,-38.69,-38.69,-38.69,-38.69,-38.69,-38.69,-38.69,-38.69,-38.69,,,,
,,,,,,,,,,,,,-237.72,-237.72,-237.72,-237.72,-237.72,-237.72,-237.72,-237.72,-237.72,-237.72,,,,
,,,,,,,,,,,,,-79.17,-79.17,-79.17,-79.17,-79.17,-79.17,-79.17,-79.17,-79.17,-79.17,,,,
,,,,,,,,,,,,,-727.65,-727.65,-727.65,-727.65,-727.65,-727.65,-727.65,-727.65,-727.65,-727.65,,,,
,,,,,,,,,,,,,-1112.39,-1112.39,-1112.39,-1112.39,-1112.39,-1112.39,-1112.39,-1112.39,-1112.39,-1112.39,,,,
,,,,,,,,,,,,,"
(764.85)","
(764.85)","
(764.85)","
(764.85)","
(764.85)","
(764.85)","
(764.85)","
(764.85)","
(764.85)","
(764.85)",,,,
,,,,,,,,,,,,,-55.62,-55.62,-55.62,-55.62,-55.62,-55.62,-55.62,-55.62,-55.62,-55.62,,,,
,,,,,,,,,,,,,-160.68,-160.68,-160.68,-160.68,-160.68,-160.68,-160.68,-160.68,-160.68,-160.68,,,,
,,,,,,,,,,,,,-981.15,-981.15,-981.15,-981.15,-981.15,-981.15,-981.15,-981.15,-981.15,-981.15,,,,
,,,,,,,,,,,,,4467.88,4467.88,4467.88,4467.88,4467.88,4467.88,4467.88,4467.88,4467.88,4467.88,,,,
,,,,,,,,,,,,,53.7,53.7,53.7,53.7,53.7,53.7,53.7,53.7,53.7,53.7,,,,
,,,,,,,,,,,,,4521.58,4521.58,4521.58,4521.58,4521.58,4521.58,4521.58,4521.58,4521.58,4521.58,,,,
,,,,,,,,,,,,,"
(125.04)","
(125.04)","
(125.04)","
(125.04)","
(125.04)","
(125.04)","
(125.04)","
(125.04)","
(125.04)","
(125.04)",,,,
,,,,,,,,,,,,,-125.04,-125.04,-125.04,-125.04,-125.04,-125.04,-125.04,-125.04,-125.04,-125.04,,,,
,,,,,,,,,,,,,"
(101.69)","
(101.69)","
(101.69)","
(101.69)","
(101.69)","
(101.69)","
(101.69)","
(101.69)","
(101.69)","
(101.69)",,,,
,,,,,,,,,,,,,-556.55,-556.55,-556.55,-556.55,-556.55,-556.55,-556.55,-556.55,-556.55,-556.55,,,,
,,,,,,,,,,,,,220.71,220.71,220.71,220.71,220.71,220.71,220.71,220.71,220.71,220.71,,,,
,,,,,,,,,,,,,-437.53,-437.53,-437.53,-437.53,-437.53,-437.53,-437.53,-437.53,-437.53,-437.53,,,,
,,,,,,,,,,,,,"
(47.06)","
(47.06)","
(47.06)","
(47.06)","
(47.06)","
(47.06)","
(47.06)","
(47.06)","
(47.06)","
(47.06)",,,,
,,,,,,,,,,,,,-1545,-1545,-1545,-1545,-1545,-1545,-1545,-1545,-1545,-1545,,,,
,,,,,,,,,,,,,13.32,13.32,13.32,13.32,13.32,13.32,13.32,13.32,13.32,13.32,,,,
,,,,,,,,,,,,,1374.84,1374.84,1374.84,1374.84,1374.84,1374.84,1374.84,1374.84,1374.84,1374.84,,,,
,,,,,,,,,,,,,-203.9,-203.9,-203.9,-203.9,-203.9,-203.9,-203.9,-203.9,-203.9,-203.9,,,,
,,,,,,,,,,,,,"
(346.15)","
(346.15)","
(346.15)","
(346.15)","
(346.15)","
(346.15)","
(346.15)","
(346.15)","
(346.15)","
(346.15)",,,,
,,,,,,,,,,,,,-346.15,-346.15,-346.15,-346.15,-346.15,-346.15,-346.15,-346.15,-346.15,-346.15,,,,
,,,,,,,,,,,,,"
19.23","
19.23","
19.23","
19.23","
19.23","
19.23","
19.23","
19.23","
19.23","
19.23",,,,
,,,,,,,,,,,,,-394.46,-394.46,-394.46,-394.46,-394.46,-394.46,-394.46,-394.46,-394.46,-394.46,,,,
,,,,,,,,,,,,,-129.66,-129.66,-129.66,-129.66,-129.66,-129.66,-129.66,-129.66,-129.66,-129.66,,,,
,,,,,,,,,,,,,-504.89,-504.89,-504.89,-504.89,-504.89,-504.89,-504.89,-504.89,-504.89,-504.89,,,,
,,,,,,,,,,,,,"
(14,034.78)","
(14,034.78)","
(14,034.78)","
(14,034.78)","
(14,034.78)","
(14,034.78)","
(14,034.78)","
(14,034.78)","
(14,034.78)","
(14,034.78)",,,,
,,,,,,,,,,,,,-2315.44,-2315.44,-2315.44,-2315.44,-2315.44,-2315.44,-2315.44,-2315.44,-2315.44,-2315.44,,,,
,,,,,,,,,,,,,-16350.22,-16350.22,-16350.22,-16350.22,-16350.22,-16350.22,-16350.22,-16350.22,-16350.22,-16350.22,,,,
,,,,,,,,,,,,,"
(1,054.72)","
(1,054.72)","
(1,054.72)","
(1,054.72)","
(1,054.72)","
(1,054.72)","
(1,054.72)","
(1,054.72)","
(1,054.72)","
(1,054.72)",,,,
,,,,,,,,,,,,,-123.6,-123.6,-123.6,-123.6,-123.6,-123.6,-123.6,-123.6,-123.6,-123.6,,,,
,,,,,,,,,,,,,10588.98,10588.98,10588.98,10588.98,10588.98,10588.98,10588.98,10588.98,10588.98,10588.98,,,,
,,,,,,,,,,,,,1689.09,1689.09,1689.09,1689.09,1689.09,1689.09,1689.09,1689.09,1689.09,1689.09,,,,
,,,,,,,,,,,,,230.42,230.42,230.42,230.42,230.42,230.42,230.42,230.42,230.42,230.42,,,,
,,,,,,,,,,,,,377.01,377.01,377.01,377.01,377.01,377.01,377.01,377.01,377.01,377.01,,,,
,,,,,,,,,,,,,98.72,98.72,98.72,98.72,98.72,98.72,98.72,98.72,98.72,98.72,,,,
,,,,,,,,,,,,,135.88,135.88,135.88,135.88,135.88,135.88,135.88,135.88,135.88,135.88,,,,
,,,,,,,,,,,,,296.56,296.56,296.56,296.56,296.56,296.56,296.56,296.56,296.56,296.56,,,,
,,,,,,,,,,,,,430.15,430.15,430.15,430.15,430.15,430.15,430.15,430.15,430.15,430.15,,,,
,,,,,,,,,,,,,94.44,94.44,94.44,94.44,94.44,94.44,94.44,94.44,94.44,94.44,,,,
,,,,,,,,,,,,,604.69,604.69,604.69,604.69,604.69,604.69,604.69,604.69,604.69,604.69,,,,
,,,,,,,,,,,,,532.49,532.49,532.49,532.49,532.49,532.49,532.49,532.49,532.49,532.49,,,,
,,,,,,,,,,,,,2947.38,2947.38,2947.38,2947.38,2947.38,2947.38,2947.38,2947.38,2947.38,2947.38,,,,
,,,,,,,,,,,,,16847.49,16847.49,16847.49,16847.49,16847.49,16847.49,16847.49,16847.49,16847.49,16847.49,,,,
,,,,,,,,,,,,,"
406.75","
406.75","
406.75","
406.75","
406.75","
406.75","
406.75","
406.75","
406.75","
406.75",,,,
,,,,,,,,,,,,,878.74,878.74,878.74,878.74,878.74,878.74,878.74,878.74,878.74,878.74,,,,
,,,,,,,,,,,,,-86.52,-86.52,-86.52,-86.52,-86.52,-86.52,-86.52,-86.52,-86.52,-86.52,,,,
,,,,,,,,,,,,,-173.04,-173.04,-173.04,-173.04,-173.04,-173.04,-173.04,-173.04,-173.04,-173.04,,,,
,,,,,,,,,,,,,-14.22,-14.22,-14.22,-14.22,-14.22,-14.22,-14.22,-14.22,-14.22,-14.22,,,,
,,,,,,,,,,,,,-358.64,-358.64,-358.64,-358.64,-358.64,-358.64,-358.64,-358.64,-358.64,-358.64,,,,
,,,,,,,,,,,,,-60.8,-60.8,-60.8,-60.8,-60.8,-60.8,-60.8,-60.8,-60.8,-60.8,,,,
,,,,,,,,,,,,,-197.76,-197.76,-197.76,-197.76,-197.76,-197.76,-197.76,-197.76,-197.76,-197.76,,,,
,,,,,,,,,,,,,189.1,189.1,189.1,189.1,189.1,189.1,189.1,189.1,189.1,189.1,,,,
,,,,,,,,,,,,,583.61,583.61,583.61,583.61,583.61,583.61,583.61,583.61,583.61,583.61,,,,
,,,,,,,,,,,,,"
44.67","
44.67","
44.67","
44.67","
44.67","
44.67","
44.67","
44.67","
44.67","
44.67",,,,
,,,,,,,,,,,,,10332.59,10332.59,10332.59,10332.59,10332.59,10332.59,10332.59,10332.59,10332.59,10332.59,,,,
,,,,,,,,,,,,,-10377.26,-10377.26,-10377.26,-10377.26,-10377.26,-10377.26,-10377.26,-10377.26,-10377.26,-10377.26,,,,
,,,,,,,,,,,,,1891.41,1891.41,1891.41,1891.41,1891.41,1891.41,1891.41,1891.41,1891.41,1891.41,,,,
,,,,,,,,,,,,,"
674.15","
674.15","
674.15","
674.15","
674.15","
674.15","
674.15","
674.15","
674.15","
674.15",,,,
,,,,,,,,,,,,,-8.04,-8.04,-8.04,-8.04,-8.04,-8.04,-8.04,-8.04,-8.04,-8.04,,,,
,,,,,,,,,,,,,666.11,666.11,666.11,666.11,666.11,666.11,666.11,666.11,666.11,666.11,,,,
,,,,,,,,,,,,,"
1,750.00","
1,750.00","
1,750.00","
1,750.00","
1,750.00","
1,750.00","
1,750.00","
1,750.00","
1,750.00","
1,750.00",,,,
,,,,,,,,,,,,,-486.07,-486.07,-486.07,-486.07,-486.07,-486.07,-486.07,-486.07,-486.07,-486.07,,,,
,,,,,,,,,,,,,6635.18,6635.18,6635.18,6635.18,6635.18,6635.18,6635.18,6635.18,6635.18,6635.18,,,,
,,,,,,,,,,,,,7899.11,7899.11,7899.11,7899.11,7899.11,7899.11,7899.11,7899.11,7899.11,7899.11,,,,
,,,,,,,,,,,,,"
(399.13)","
(399.13)","
(399.13)","
(399.13)","
(399.13)","
(399.13)","
(399.13)","
(399.13)","
(399.13)","
(399.13)",,,,
,,,,,,,,,,,,,0.01,0.01,0.01,0.01,0.01,0.01,0.01,0.01,0.01,0.01,,,,
,,,,,,,,,,,,,-7066.9,-7066.9,-7066.9,-7066.9,-7066.9,-7066.9,-7066.9,-7066.9,-7066.9,-7066.9,,,,
,,,,,,,,,,,,,-7466.02,-7466.02,-7466.02,-7466.02,-7466.02,-7466.02,-7466.02,-7466.02,-7466.02,-7466.02,,,,
,,,,,,,,,,,,,"
34.73","
34.73","
34.73","
34.73","
34.73","
34.73","
34.73","
34.73","
34.73","
34.73",,,,
,,,,,,,,,,,,,34.73,34.73,34.73,34.73,34.73,34.73,34.73,34.73,34.73,34.73,,,,
,,,,,,,,,,,,,1133.93,1133.93,1133.93,1133.93,1133.93,1133.93,1133.93,1133.93,1133.93,1133.93,,,,
,,,,,,,,,,,,,3025.34,3025.34,3025.34,3025.34,3025.34,3025.34,3025.34,3025.34,3025.34,3025.34,,,,
,,,,,,,,,,,,,17254.17,17254.17,17254.17,17254.17,17254.17,17254.17,17254.17,17254.17,17254.17,17254.17,,,,
,,,,,,,,,,,,,17254.17,17254.17,17254.17,17254.17,17254.17,17254.17,17254.17,17254.17,17254.17,17254.17,,,,
,,,,,,,,,,,,,"
557.72","
557.72","
557.72","
557.72","
557.72","
557.72","
557.72","
557.72","
557.72","
557.72",,,,
,,,,,,,,,,,,,557.72,557.72,557.72,557.72,557.72,557.72,557.72,557.72,557.72,557.72,,,,
,,,,,,,,,,,,,557.72,557.72,557.72,557.72,557.72,557.72,557.72,557.72,557.72,557.72,,,,
,,,,,,,,,,,,,557.72,557.72,557.72,557.72,557.72,557.72,557.72,557.72,557.72,557.72,,,,
,,,,,,,,,,,,,557.72,557.72,557.72,557.72,557.72,557.72,557.72,557.72,557.72,557.72,,,,
,,,,,,,,,,,,,16696.45,16696.45,16696.45,16696.45,16696.45,16696.45,16696.45,16696.45,16696.45,16696.45,,,,
,,,,,,,,,,,,,190418.04,190418.04,190418.04,190418.04,190418.04,190418.04,190418.04,190418.04,190418.04,190418.04,,,,
,,,,,,,,,,,,,190418.04,190418.04,190418.04,190418.04,190418.04,190418.04,190418.04,190418.04,190418.04,190418.04,,,,
,,,,,,,,,,,,,112500.9,112500.9,112500.9,112500.9,112500.9,112500.9,112500.9,112500.9,112500.9,112500.9,,,,
,,,,,,,,,,,,,112500.9,112500.9,112500.9,112500.9,112500.9,112500.9,112500.9,112500.9,112500.9,112500.9,,,,
,,,,,,,,,,,,,10716.21,10716.21,10716.21,10716.21,10716.21,10716.21,10716.21,10716.21,10716.21,10716.21,,,,
,,,,,,,,,,,,,10716.21,10716.21,10716.21,10716.21,10716.21,10716.21,10716.21,10716.21,10716.21,10716.21,,,,
,,,,,,,,,,,,,53088,53088,53088,53088,53088,53088,53088,53088,53088,53088,,,,
,,,,,,,,,,,,,53088,53088,53088,53088,53088,53088,53088,53088,53088,53088,,,,
,,,,,,,,,,,,,176305.11,176305.11,176305.11,176305.11,176305.11,176305.11,176305.11,176305.11,176305.11,176305.11,,,,
,,,,,,,,,,,,,1200,1200,1200,1200,1200,1200,1200,1200,1200,1200,,,,
,,,,,,,,,,,,,1200,1200,1200,1200,1200,1200,1200,1200,1200,1200,,,,
,,,,,,,,,,,,,1200,1200,1200,1200,1200,1200,1200,1200,1200,1200,,,,
,,,,,,,,,,,,,367923.15,367923.15,367923.15,367923.15,367923.15,367923.15,367923.15,367923.15,367923.15,367923.15,,,,
,,,,,,,,,,,,,1132.4,1132.4,1132.4,1132.4,1132.4,1132.4,1132.4,1132.4,1132.4,1132.4,,,,
,,,,,,,,,,,,,594.56,594.56,594.56,594.56,594.56,594.56,594.56,594.56,594.56,594.56,,,,
,,,,,,,,,,,,,72.1,72.1,72.1,72.1,72.1,72.1,72.1,72.1,72.1,72.1,,,,
,,,,,,,,,,,,,276,276,276,276,276,276,276,276,276,276,,,,
,,,,,,,,,,,,,902,902,902,902,902,902,902,902,902,902,,,,
,,,,,,,,,,,,,2977.06,2977.06,2977.06,2977.06,2977.06,2977.06,2977.06,2977.06,2977.06,2977.06,,,,
,,,,,,,,,,,,,2640.3,2640.3,2640.3,2640.3,2640.3,2640.3,2640.3,2640.3,2640.3,2640.3,,,,
,,,,,,,,,,,,,180,180,180,180,180,180,180,180,180,180,,,,
,,,,,,,,,,,,,2820.3,2820.3,2820.3,2820.3,2820.3,2820.3,2820.3,2820.3,2820.3,2820.3,,,,
,,,,,,,,,,,,,3203,3203,3203,3203,3203,3203,3203,3203,3203,3203,,,,
,,,,,,,,,,,,,9410.8,9410.8,9410.8,9410.8,9410.8,9410.8,9410.8,9410.8,9410.8,9410.8,,,,
,,,,,,,,,,,,,12613.8,12613.8,12613.8,12613.8,12613.8,12613.8,12613.8,12613.8,12613.8,12613.8,,,,
,,,,,,,,,,,,,4051.14,4051.14,4051.14,4051.14,4051.14,4051.14,4051.14,4051.14,4051.14,4051.14,,,,
,,,,,,,,,,,,,4051.14,4051.14,4051.14,4051.14,4051.14,4051.14,4051.14,4051.14,4051.14,4051.14,,,,
,,,,,,,,,,,,,6400.69,6400.69,6400.69,6400.69,6400.69,6400.69,6400.69,6400.69,6400.69,6400.69,,,,
,,,,,,,,,,,,,5600,5600,5600,5600,5600,5600,5600,5600,5600,5600,,,,
,,,,,,,,,,,,,12000.69,12000.69,12000.69,12000.69,12000.69,12000.69,12000.69,12000.69,12000.69,12000.69,,,,
,,,,,,,,,,,,,1310.16,1310.16,1310.16,1310.16,1310.16,1310.16,1310.16,1310.16,1310.16,1310.16,,,,
,,,,,,,,,,,,,1545,1545,1545,1545,1545,1545,1545,1545,1545,1545,,,,
,,,,,,,,,,,,,4729,4729,4729,4729,4729,4729,4729,4729,4729,4729,,,,
,,,,,,,,,,,,,1698,1698,1698,1698,1698,1698,1698,1698,1698,1698,,,,
,,,,,,,,,,,,,3973,3973,3973,3973,3973,3973,3973,3973,3973,3973,,,,
,,,,,,,,,,,,,13255.16,13255.16,13255.16,13255.16,13255.16,13255.16,13255.16,13255.16,13255.16,13255.16,,,,
,,,,,,,,,,,,,2795,2795,2795,2795,2795,2795,2795,2795,2795,2795,,,,
,,,,,,,,,,,,,2795,2795,2795,2795,2795,2795,2795,2795,2795,2795,,,,
,,,,,,,,,,,,,4812,4812,4812,4812,4812,4812,4812,4812,4812,4812,,,,
,,,,,,,,,,,,,5400,5400,5400,5400,5400,5400,5400,5400,5400,5400,,,,
,,,,,,,,,,,,,10212,10212,10212,10212,10212,10212,10212,10212,10212,10212,,,,
,,,,,,,,,,,,,10906.61,10906.61,10906.61,10906.61,10906.61,10906.61,10906.61,10906.61,10906.61,10906.61,,,,
,,,,,,,,,,,,,1739.74,1739.74,1739.74,1739.74,1739.74,1739.74,1739.74,1739.74,1739.74,1739.74,,,,
,,,,,,,,,,,,,237.34,237.34,237.34,237.34,237.34,237.34,237.34,237.34,237.34,237.34,,,,
,,,,,,,,,,,,,388.35,388.35,388.35,388.35,388.35,388.35,388.35,388.35,388.35,388.35,,,,
,,,,,,,,,,,,,101.68,101.68,101.68,101.68,101.68,101.68,101.68,101.68,101.68,101.68,,,,
,,,,,,,,,,,,,139.97,139.97,139.97,139.97,139.97,139.97,139.97,139.97,139.97,139.97,,,,
,,,,,,,,,,,,,305.41,305.41,305.41,305.41,305.41,305.41,305.41,305.41,305.41,305.41,,,,
,,,,,,,,,,,,,443.09,443.09,443.09,443.09,443.09,443.09,443.09,443.09,443.09,443.09,,,,
,,,,,,,,,,,,,97.24,97.24,97.24,97.24,97.24,97.24,97.24,97.24,97.24,97.24,,,,
,,,,,,,,,,,,,622.81,622.81,622.81,622.81,622.81,622.81,622.81,622.81,622.81,622.81,,,,
,,,,,,,,,,,,,548.5,548.5,548.5,548.5,548.5,548.5,548.5,548.5,548.5,548.5,,,,
,,,,,,,,,,,,,3035.78,3035.78,3035.78,3035.78,3035.78,3035.78,3035.78,3035.78,3035.78,3035.78,,,,
,,,,,,,,,,,,,18566.52,18566.52,18566.52,18566.52,18566.52,18566.52,18566.52,18566.52,18566.52,18566.52,,,,
,,,,,,,,,,,,,600,600,600,600,600,600,600,600,600,600,,,,
,,,,,,,,,,,,,168,168,168,168,168,168,168,168,168,168,,,,
,,,,,,,,,,,,,593.28,593.28,593.28,593.28,593.28,593.28,593.28,593.28,593.28,593.28,,,,
,,,,,,,,,,,,,1030,1030,1030,1030,1030,1030,1030,1030,1030,1030,,,,
,,,,,,,,,,,,,1250,1250,1250,1250,1250,1250,1250,1250,1250,1250,,,,
,,,,,,,,,,,,,3641.28,3641.28,3641.28,3641.28,3641.28,3641.28,3641.28,3641.28,3641.28,3641.28,,,,
,,,,,,,,,,,,,53088,53088,53088,53088,53088,53088,53088,53088,53088,53088,,,,
,,,,,,,,,,,,,53088,53088,53088,53088,53088,53088,53088,53088,53088,53088,,,,
,,,,,,,,,,,,,10716.21,10716.21,10716.21,10716.21,10716.21,10716.21,10716.21,10716.21,10716.21,10716.21,,,,
,,,,,,,,,,,,,-10716.21,-10716.21,-10716.21,-10716.21,-10716.21,-10716.21,-10716.21,-10716.21,-10716.21,-10716.21,,,,
,,,,,,,,,,,,,136020.95,136020.95,136020.95,136020.95,136020.95,136020.95,136020.95,136020.95,136020.95,136020.95,,,,
,,,,,,,,,,,,,11032.65,11032.65,11032.65,11032.65,11032.65,11032.65,11032.65,11032.65,11032.65,11032.65,,,,
,,,,,,,,,,,,,11032.65,11032.65,11032.65,11032.65,11032.65,11032.65,11032.65,11032.65,11032.65,11032.65,,,,
,,,,,,,,,,,,,1570.8,1570.8,1570.8,1570.8,1570.8,1570.8,1570.8,1570.8,1570.8,1570.8,,,,
,,,,,,,,,,,,,491,491,491,491,491,491,491,491,491,491,,,,
,,,,,,,,,,,,,1000,1000,1000,1000,1000,1000,1000,1000,1000,1000,,,,
,,,,,,,,,,,,,3061.8,3061.8,3061.8,3061.8,3061.8,3061.8,3061.8,3061.8,3061.8,3061.8,,,,
,,,,,,,,,,,,,2000,2000,2000,2000,2000,2000,2000,2000,2000,2000,,,,
,,,,,,,,,,,,,8886,8886,8886,8886,8886,8886,8886,8886,8886,8886,,,,
,,,,,,,,,,,,,10886,10886,10886,10886,10886,10886,10886,10886,10886,10886,,,,
,,,,,,,,,,,,,24980.45,24980.45,24980.45,24980.45,24980.45,24980.45,24980.45,24980.45,24980.45,24980.45,,,,
,,,,,,,,,,,,,161001.4,161001.4,161001.4,161001.4,161001.4,161001.4,161001.4,161001.4,161001.4,161001.4,,,,
,,,,,,,,,,,,,206921.75,206921.75,206921.75,206921.75,206921.75,206921.75,206921.75,206921.75,206921.75,206921.75,,,,
,,,,,,,,,,,,,206921.75,206921.75,206921.75,206921.75,206921.75,206921.75,206921.75,206921.75,206921.75,206921.75,,,,
,,,,,,,,,,,,,7904.4,7904.4,7904.4,7904.4,7904.4,7904.4,7904.4,7904.4,7904.4,7904.4,,,,
,,,,,,,,,,,,,7904.4,7904.4,7904.4,7904.4,7904.4,7904.4,7904.4,7904.4,7904.4,7904.4,,,,
,,,,,,,,,,,,,7904.4,7904.4,7904.4,7904.4,7904.4,7904.4,7904.4,7904.4,7904.4,7904.4,,,,
,,,,,,,,,,,,,7904.4,7904.4,7904.4,7904.4,7904.4,7904.4,7904.4,7904.4,7904.4,7904.4,,,,
,,,,,,,,,,,,,7904.4,7904.4,7904.4,7904.4,7904.4,7904.4,7904.4,7904.4,7904.4,7904.4,,,,
,,,,,,,,,,,,,199017.35,199017.35,199017.35,199017.35,199017.35,199017.35,199017.35,199017.35,199017.35,199017.35,,,,
,,,,,,,,,,,,,4645.95,4645.95,4645.95,4645.95,4645.95,4645.95,4645.95,4645.95,4645.95,4645.95,,,,
,,,,,,,,,,,,,4645.95,4645.95,4645.95,4645.95,4645.95,4645.95,4645.95,4645.95,4645.95,4645.95,,,,
,,,,,,,,,,,,,2769.7,2769.7,2769.7,2769.7,2769.7,2769.7,2769.7,2769.7,2769.7,2769.7,,,,
,,,,,,,,,,,,,4353.03,4353.03,4353.03,4353.03,4353.03,4353.03,4353.03,4353.03,4353.03,4353.03,,,,
,,,,,,,,,,,,,-49.26,-49.26,-49.26,-49.26,-49.26,-49.26,-49.26,-49.26,-49.26,-49.26,,,,
,,,,,,,,,,,,,7073.47,7073.47,7073.47,7073.47,7073.47,7073.47,7073.47,7073.47,7073.47,7073.47,,,,
,,,,,,,,,,,,,338.95,338.95,338.95,338.95,338.95,338.95,338.95,338.95,338.95,338.95,,,,
,,,,,,,,,,,,,338.95,338.95,338.95,338.95,338.95,338.95,338.95,338.95,338.95,338.95,,,,
,,,,,,,,,,,,,3057.96,3057.96,3057.96,3057.96,3057.96,3057.96,3057.96,3057.96,3057.96,3057.96,,,,
,,,,,,,,,,,,,102.72,102.72,102.72,102.72,102.72,102.72,102.72,102.72,102.72,102.72,,,,
,,,,,,,,,,,,,3160.68,3160.68,3160.68,3160.68,3160.68,3160.68,3160.68,3160.68,3160.68,3160.68,,,,
,,,,,,,,,,,,,10573.1,10573.1,10573.1,10573.1,10573.1,10573.1,10573.1,10573.1,10573.1,10573.1,,,,
,,,,,,,,,,,,,-812.28,-812.28,-812.28,-812.28,-812.28,-812.28,-812.28,-812.28,-812.28,-812.28,,,,
,,,,,,,,,,,,,-812.28,-812.28,-812.28,-812.28,-812.28,-812.28,-812.28,-812.28,-812.28,-812.28,,,,
,,,,,,,,,,,,,14406.77,14406.77,14406.77,14406.77,14406.77,14406.77,14406.77,14406.77,14406.77,14406.77,,,,
,,,,,,,,,,,,,1132.4,1132.4,1132.4,1132.4,1132.4,1132.4,1132.4,1132.4,1132.4,1132.4,,,,
,,,,,,,,,,,,,302.36,302.36,302.36,302.36,302.36,302.36,302.36,302.36,302.36,302.36,,,,
,,,,,,,,,,,,,38.69,38.69,38.69,38.69,38.69,38.69,38.69,38.69,38.69,38.69,,,,
,,,,,,,,,,,,,-281.4,-281.4,-281.4,-281.4,-281.4,-281.4,-281.4,-281.4,-281.4,-281.4,,,,
,,,,,,,,,,,,,6,6,6,6,6,6,6,6,6,6,,,,
,,,,,,,,,,,,,1198.05,1198.05,1198.05,1198.05,1198.05,1198.05,1198.05,1198.05,1198.05,1198.05,,,,
,,,,,,,,,,,,,794.1,794.1,794.1,794.1,794.1,794.1,794.1,794.1,794.1,794.1,,,,
,,,,,,,,,,,,,-55.62,-55.62,-55.62,-55.62,-55.62,-55.62,-55.62,-55.62,-55.62,-55.62,,,,
,,,,,,,,,,,,,180,180,180,180,180,180,180,180,180,180,,,,
,,,,,,,,,,,,,918.48,918.48,918.48,918.48,918.48,918.48,918.48,918.48,918.48,918.48,,,,
,,,,,,,,,,,,,-4001.59,-4001.59,-4001.59,-4001.59,-4001.59,-4001.59,-4001.59,-4001.59,-4001.59,-4001.59,,,,
,,,,,,,,,,,,,396.1,396.1,396.1,396.1,396.1,396.1,396.1,396.1,396.1,396.1,,,,
,,,,,,,,,,,,,-3605.49,-3605.49,-3605.49,-3605.49,-3605.49,-3605.49,-3605.49,-3605.49,-3605.49,-3605.49,,,,
,,,,,,,,,,,,,493.38,493.38,493.38,493.38,493.38,493.38,493.38,493.38,493.38,493.38,,,,
,,,,,,,,,,,,,493.38,493.38,493.38,493.38,493.38,493.38,493.38,493.38,493.38,493.38,,,,
,,,,,,,,,,,,,341.95,341.95,341.95,341.95,341.95,341.95,341.95,341.95,341.95,341.95,,,,
,,,,,,,,,,,,,2547.43,2547.43,2547.43,2547.43,2547.43,2547.43,2547.43,2547.43,2547.43,2547.43,,,,
,,,,,,,,,,,,,-220.71,-220.71,-220.71,-220.71,-220.71,-220.71,-220.71,-220.71,-220.71,-220.71,,,,
,,,,,,,,,,,,,2668.67,2668.67,2668.67,2668.67,2668.67,2668.67,2668.67,2668.67,2668.67,2668.67,,,,
,,,,,,,,,,,,,-76.54,-76.54,-76.54,-76.54,-76.54,-76.54,-76.54,-76.54,-76.54,-76.54,,,,
,,,,,,,,,,,,,1545,1545,1545,1545,1545,1545,1545,1545,1545,1545,,,,
,,,,,,,,,,,,,4252.18,4252.18,4252.18,4252.18,4252.18,4252.18,4252.18,4252.18,4252.18,4252.18,,,,
,,,,,,,,,,,,,186.17,186.17,186.17,186.17,186.17,186.17,186.17,186.17,186.17,186.17,,,,
,,,,,,,,,,,,,5906.81,5906.81,5906.81,5906.81,5906.81,5906.81,5906.81,5906.81,5906.81,5906.81,,,,
,,,,,,,,,,,,,767,767,767,767,767,767,767,767,767,767,,,,
,,,,,,,,,,,,,767,767,767,767,767,767,767,767,767,767,,,,
,,,,,,,,,,,,,-163.23,-163.23,-163.23,-163.23,-163.23,-163.23,-163.23,-163.23,-163.23,-163.23,,,,
,,,,,,,,,,,,,394.46,394.46,394.46,394.46,394.46,394.46,394.46,394.46,394.46,394.46,,,,
,,,,,,,,,,,,,129.66,129.66,129.66,129.66,129.66,129.66,129.66,129.66,129.66,129.66,,,,
,,,,,,,,,,,,,360.89,360.89,360.89,360.89,360.89,360.89,360.89,360.89,360.89,360.89,,,,
,,,,,,,,,,,,,317.63,317.63,317.63,317.63,317.63,317.63,317.63,317.63,317.63,317.63,,,,
,,,,,,,,,,,,,50.65,50.65,50.65,50.65,50.65,50.65,50.65,50.65,50.65,50.65,,,,
,,,,,,,,,,,,,6.92,6.92,6.92,6.92,6.92,6.92,6.92,6.92,6.92,6.92,,,,
,,,,,,,,,,,,,11.34,11.34,11.34,11.34,11.34,11.34,11.34,11.34,11.34,11.34,,,,
,,,,,,,,,,,,,2.96,2.96,2.96,2.96,2.96,2.96,2.96,2.96,2.96,2.96,,,,
,,,,,,,,,,,,,4.09,4.09,4.09,4.09,4.09,4.09,4.09,4.09,4.09,4.09,,,,
,,,,,,,,,,,,,8.85,8.85,8.85,8.85,8.85,8.85,8.85,8.85,8.85,8.85,,,,
,,,,,,,,,,,,,12.94,12.94,12.94,12.94,12.94,12.94,12.94,12.94,12.94,12.94,,,,
,,,,,,,,,,,,,2.8,2.8,2.8,2.8,2.8,2.8,2.8,2.8,2.8,2.8,,,,
,,,,,,,,,,,,,18.12,18.12,18.12,18.12,18.12,18.12,18.12,18.12,18.12,18.12,,,,
,,,,,,,,,,,,,16.01,16.01,16.01,16.01,16.01,16.01,16.01,16.01,16.01,16.01,,,,
,,,,,,,,,,,,,88.4,88.4,88.4,88.4,88.4,88.4,88.4,88.4,88.4,88.4,,,,
,,,,,,,,,,,,,540.71,540.71,540.71,540.71,540.71,540.71,540.71,540.71,540.71,540.71,,,,
,,,,,,,,,,,,,-53.95,-53.95,-53.95,-53.95,-53.95,-53.95,-53.95,-53.95,-53.95,-53.95,,,,
,,,,,,,,,,,,,-1798.42,-1798.42,-1798.42,-1798.42,-1798.42,-1798.42,-1798.42,-1798.42,-1798.42,-1798.42,,,,
,,,,,,,,,,,,,-6.38,-6.38,-6.38,-6.38,-6.38,-6.38,-6.38,-6.38,-6.38,-6.38,,,,
,,,,,,,,,,,,,358.64,358.64,358.64,358.64,358.64,358.64,358.64,358.64,358.64,358.64,,,,
,,,,,,,,,,,,,-112.24,-112.24,-112.24,-112.24,-112.24,-112.24,-112.24,-112.24,-112.24,-112.24,,,,
,,,,,,,,,,,,,-212.18,-212.18,-212.18,-212.18,-212.18,-212.18,-212.18,-212.18,-212.18,-212.18,,,,
,,,,,,,,,,,,,-1824.53,-1824.53,-1824.53,-1824.53,-1824.53,-1824.53,-1824.53,-1824.53,-1824.53,-1824.53,,,,
,,,,,,,,,,,,,3057.96,3057.96,3057.96,3057.96,3057.96,3057.96,3057.96,3057.96,3057.96,3057.96,,,,
,,,,,,,,,,,,,3057.96,3057.96,3057.96,3057.96,3057.96,3057.96,3057.96,3057.96,3057.96,3057.96,,,,
,,,,,,,,,,,,,338.95,338.95,338.95,338.95,338.95,338.95,338.95,338.95,338.95,338.95,,,,
,,,,,,,,,,,,,-338.95,-338.95,-338.95,-338.95,-338.95,-338.95,-338.95,-338.95,-338.95,-338.95,,,,
,,,,,,,,,,,,,10481.93,10481.93,10481.93,10481.93,10481.93,10481.93,10481.93,10481.93,10481.93,10481.93,,,,
,,,,,,,,,,,,,403.06,403.06,403.06,403.06,403.06,403.06,403.06,403.06,403.06,403.06,,,,
,,,,,,,,,,,,,8.04,8.04,8.04,8.04,8.04,8.04,8.04,8.04,8.04,8.04,,,,
,,,,,,,,,,,,,411.1,411.1,411.1,411.1,411.1,411.1,411.1,411.1,411.1,411.1,,,,
,,,,,,,,,,,,,-3000,-3000,-3000,-3000,-3000,-3000,-3000,-3000,-3000,-3000,,,,
,,,,,,,,,,,,,776.87,776.87,776.87,776.87,776.87,776.87,776.87,776.87,776.87,776.87,,,,
,,,,,,,,,,,,,-6635.18,-6635.18,-6635.18,-6635.18,-6635.18,-6635.18,-6635.18,-6635.18,-6635.18,-6635.18,,,,
,,,,,,,,,,,,,-8858.31,-8858.31,-8858.31,-8858.31,-8858.31,-8858.31,-8858.31,-8858.31,-8858.31,-8858.31,,,,
,,,,,,,,,,,,,-0.87,-0.87,-0.87,-0.87,-0.87,-0.87,-0.87,-0.87,-0.87,-0.87,,,,
,,,,,,,,,,,,,-0.01,-0.01,-0.01,-0.01,-0.01,-0.01,-0.01,-0.01,-0.01,-0.01,,,,
,,,,,,,,,,,,,7066.9,7066.9,7066.9,7066.9,7066.9,7066.9,7066.9,7066.9,7066.9,7066.9,,,,
,,,,,,,,,,,,,7066.02,7066.02,7066.02,7066.02,7066.02,7066.02,7066.02,7066.02,7066.02,7066.02,,,,
,,,,,,,,,,,,,-34.73,-34.73,-34.73,-34.73,-34.73,-34.73,-34.73,-34.73,-34.73,-34.73,,,,
,,,,,,,,,,,,,-34.73,-34.73,-34.73,-34.73,-34.73,-34.73,-34.73,-34.73,-34.73,-34.73,,,,
,,,,,,,,,,,,,-1415.92,-1415.92,-1415.92,-1415.92,-1415.92,-1415.92,-1415.92,-1415.92,-1415.92,-1415.92,,,,
,,,,,,,,,,,,,9066.01,9066.01,9066.01,9066.01,9066.01,9066.01,9066.01,9066.01,9066.01,9066.01,,,,
,,,,,,,,,,,,,5340.76,5340.76,5340.76,5340.76,5340.76,5340.76,5340.76,5340.76,5340.76,5340.76,,,,
,,,,,,,,,,,,,5340.76,5340.76,5340.76,5340.76,5340.76,5340.76,5340.76,5340.76,5340.76,5340.76,,,,
,,,,,,,,,,,,,305.4,305.4,305.4,305.4,305.4,305.4,305.4,305.4,305.4,305.4,,,,
,,,,,,,,,,,,,305.4,305.4,305.4,305.4,305.4,305.4,305.4,305.4,305.4,305.4,,,,
,,,,,,,,,,,,,305.4,305.4,305.4,305.4,305.4,305.4,305.4,305.4,305.4,305.4,,,,
,,,,,,,,,,,,,305.4,305.4,305.4,305.4,305.4,305.4,305.4,305.4,305.4,305.4,,,,
,,,,,,,,,,,,,305.4,305.4,305.4,305.4,305.4,305.4,305.4,305.4,305.4,305.4,,,,
,,,,,,,,,,,,,5035.36,5035.36,5035.36,5035.36,5035.36,5035.36,5035.36,5035.36,5035.36,5035.36,,,,
